{
    "loss": 0.025073127821087837,
    "accuracy": 0.9987096786499023
}