{
    "loss": 0.2873431146144867,
    "accuracy": 0.8753705024719238
}