{
    "loss": 0.025035560131072998,
    "accuracy": 0.9987630844116211
}